MP NAME,WORK,CATEGORY,STATE,CONSTITUENCY,IDA,CITY,WARD,BLOCK,VILLAGE,RECOMMENDED DATE,ALLOCATION AMOUNT,IDA APPROVAL,STATUS,HOUSE
Bache BN Gowda,NA - Providing drains and gutters for public drainage,Normal/Others,Karnataka,CHIKBALLAPUR,Deputy Commissioner Bangalore Rural_IDA,,,Hosakote,Hosakote,2024-01-01,250000,Action Pending,Unsanctioned,Lok Sabha
Bache BN Gowda,NA - Providing drains and gutters for public drainage,Normal/Others,Karnataka,CHIKBALLAPUR,Deputy Commissioner Bangalore Rural_IDA,,,Hosakote,Hosakote,2024-01-01,250000,Action Pending,Unsanctioned,Lok Sabha
Bache BN Gowda,"NA - Construction of roads, approach roads, link roads and pathways",Normal/Others,Karnataka,CHIKBALLAPUR,Deputy Commissioner Bangalore Rural_IDA,,,Hosakote,Hosakote,2024-01-01,250000,Action Pending,Unsanctioned,Lok Sabha
Bache BN Gowda,"NA - Construction of roads, approach roads, link roads and pathways",Normal/Others,Karnataka,CHIKBALLAPUR,Deputy Commissioner Bangalore Rural_IDA,,,Hosakote,Hosakote,2024-01-01,250000,Action Pending,Unsanctioned,Lok Sabha
Bache BN Gowda,"NA - Construction of roads, approach roads, link roads and pathways",Normal/Others,Karnataka,CHIKBALLAPUR,Deputy Commissioner Bangalore Rural_IDA,,,Hosakote,Hosakote,2024-01-01,250000,Action Pending,Unsanctioned,Lok Sabha
Bache BN Gowda,"NA - Construction of roads, approach roads, link roads and pathways",Normal/Others,Karnataka,CHIKBALLAPUR,Deputy Commissioner Bangalore Rural_IDA,,,Hosakote,Hosakote,2024-01-01,250000,Action Pending,Unsanctioned,Lok Sabha
Bache BN Gowda,"NA - Construction of roads, approach roads, link roads and pathways",Normal/Others,Karnataka,CHIKBALLAPUR,Deputy Commissioner Bangalore Rural_IDA,,,Hosakote,Hosakote,2024-01-01,250000,Action Pending,Unsanctioned,Lok Sabha
Bache BN Gowda,NA - Providing drains and gutters for public drainage,Normal/Others,Karnataka,CHIKBALLAPUR,Deputy Commissioner Bangalore Rural_IDA,,,Hosakote,Hosakote,2024-01-01,250000,Action Pending,Unsanctioned,Lok Sabha
Bache BN Gowda,NA - Providing drains and gutters for public drainage,Normal/Others,Karnataka,CHIKBALLAPUR,Deputy Commissioner Bangalore Rural_IDA,,,Hosakote,Hosakote,2024-01-01,250000,Action Pending,Unsanctioned,Lok Sabha
Bache BN Gowda,"NA - Construction of roads, approach roads, link roads and pathways",Normal/Others,Karnataka,CHIKBALLAPUR,Deputy Commissioner Bangalore Rural_IDA,,,Hosakote,Hosakote,2024-01-01,250000,Action Pending,Unsanctioned,Lok Sabha
Bache BN Gowda,"NA - Construction of roads, approach roads, link roads and pathways",Normal/Others,Karnataka,CHIKBALLAPUR,Deputy Commissioner Bangalore Rural_IDA,,,Hosakote,Hosakote,2024-01-01,250000,Action Pending,Unsanctioned,Lok Sabha
Bache BN Gowda,NA - Providing drains and gutters for public drainage,Normal/Others,Karnataka,CHIKBALLAPUR,Deputy Commissioner Bangalore Rural_IDA,,,Hosakote,Hosakote,2024-01-01,250000,Action Pending,Unsanctioned,Lok Sabha
Bache BN Gowda,NA - Providing drains and gutters for public drainage,Normal/Others,Karnataka,CHIKBALLAPUR,Deputy Commissioner Bangalore Rural_IDA,,,Hosakote,Hosakote,2024-01-01,250000,Action Pending,Unsanctioned,Lok Sabha
Bache BN Gowda,"NA - Construction of roads, approach roads, link roads and pathways",Normal/Others,Karnataka,CHIKBALLAPUR,Deputy Commissioner Bangalore Rural_IDA,,,Hosakote,Hosakote,2024-01-01,250000,Action Pending,Unsanctioned,Lok Sabha
Bache BN Gowda,"NA - Construction of roads, approach roads, link roads and pathways",Normal/Others,Karnataka,CHIKBALLAPUR,Deputy Commissioner Bangalore Rural_IDA,,,Hosakote,Hosakote,2024-01-01,250000,Action Pending,Unsanctioned,Lok Sabha
Bache BN Gowda,NA - Providing drains and gutters for public drainage,Normal/Others,Karnataka,CHIKBALLAPUR,Deputy Commissioner Bangalore Rural_IDA,,,Hosakote,Hosakote,2024-01-01,250000,Action Pending,Unsanctioned,Lok Sabha
Bache BN Gowda,NA - Providing drains and gutters for public drainage,Normal/Others,Karnataka,CHIKBALLAPUR,Deputy Commissioner Bangalore Rural_IDA,,,Hosakote,Hosakote,2024-01-01,250000,Action Pending,Unsanctioned,Lok Sabha
Bache BN Gowda,NA - Providing drains and gutters for public drainage,Normal/Others,Karnataka,CHIKBALLAPUR,Deputy Commissioner Bangalore Rural_IDA,,,Hosakote,Hosakote,2024-01-01,250000,Action Pending,Unsanctioned,Lok Sabha
Bache BN Gowda,NA - Providing drains and gutters for public drainage,Normal/Others,Karnataka,CHIKBALLAPUR,Deputy Commissioner Bangalore Rural_IDA,,,Hosakote,Hosakote,2024-01-01,250000,Action Pending,Unsanctioned,Lok Sabha
Bache BN Gowda,NA - Providing drains and gutters for public drainage,Normal/Others,Karnataka,CHIKBALLAPUR,Deputy Commissioner Bangalore Rural_IDA,,,Hosakote,Hosakote,2024-01-01,250000,Action Pending,Unsanctioned,Lok Sabha
Bache BN Gowda,"NA - Construction of roads, approach roads, link roads and pathways",Normal/Others,Karnataka,CHIKBALLAPUR,Deputy Commissioner Bangalore Rural_IDA,,,Hosakote,Hosakote,2024-01-01,250000,Action Pending,Unsanctioned,Lok Sabha
Bache BN Gowda,"NA - Construction of roads, approach roads, link roads and pathways",Normal/Others,Karnataka,CHIKBALLAPUR,Deputy Commissioner Bangalore Rural_IDA,,,Hosakote,Hosakote,2024-01-01,250000,Action Pending,Unsanctioned,Lok Sabha
Bache BN Gowda,"NA - Construction of roads, approach roads, link roads and pathways",Normal/Others,Karnataka,CHIKBALLAPUR,Deputy Commissioner Bangalore Rural_IDA,,,Hosakote,Hosakote,2024-01-01,250000,Action Pending,Unsanctioned,Lok Sabha
Bache BN Gowda,"NA - Construction of roads, approach roads, link roads and pathways",Normal/Others,Karnataka,CHIKBALLAPUR,Deputy Commissioner Bangalore Rural_IDA,,,Hosakote,Hosakote,2024-01-01,250000,Action Pending,Unsanctioned,Lok Sabha
Bache BN Gowda,"NA - Construction of roads, approach roads, link roads and pathways",Normal/Others,Karnataka,CHIKBALLAPUR,Deputy Commissioner Bangalore Rural_IDA,,,Hosakote,Hosakote,2024-01-01,250000,Action Pending,Unsanctioned,Lok Sabha
Bache BN Gowda,NA - Providing drains and gutters for public drainage,Normal/Others,Karnataka,CHIKBALLAPUR,Deputy Commissioner Bangalore Rural_IDA,,,Hosakote,Hosakote,2024-01-01,250000,Action Pending,Unsanctioned,Lok Sabha
Bache BN Gowda,NA - Providing drains and gutters for public drainage,Normal/Others,Karnataka,CHIKBALLAPUR,Deputy Commissioner Bangalore Rural_IDA,,,Hosakote,Hosakote,2024-01-01,250000,Action Pending,Unsanctioned,Lok Sabha
Bache BN Gowda,NA - Providing drains and gutters for public drainage,Normal/Others,Karnataka,CHIKBALLAPUR,Deputy Commissioner Bangalore Rural_IDA,,,Hosakote,Hosakote,2024-01-01,250000,Action Pending,Unsanctioned,Lok Sabha
Bache BN Gowda,NA - Providing drains and gutters for public drainage,Normal/Others,Karnataka,CHIKBALLAPUR,Deputy Commissioner Bangalore Rural_IDA,,,Hosakote,Hosakote,2024-01-01,250000,Action Pending,Unsanctioned,Lok Sabha
Bache BN Gowda,NA - Providing drains and gutters for public drainage,Normal/Others,Karnataka,CHIKBALLAPUR,Deputy Commissioner Bangalore Rural_IDA,,,Hosakote,Hosakote,2024-01-01,250000,Action Pending,Unsanctioned,Lok Sabha
Bache BN Gowda,NA - Providing drains and gutters for public drainage,Normal/Others,Karnataka,CHIKBALLAPUR,Deputy Commissioner Bangalore Rural_IDA,,,Hosakote,Hosakote,2024-01-01,250000,Action Pending,Unsanctioned,Lok Sabha
Bache BN Gowda,NA - Providing drains and gutters for public drainage,Normal/Others,Karnataka,CHIKBALLAPUR,Deputy Commissioner Bangalore Rural_IDA,,,Hosakote,Hosakote,2024-01-01,250000,Action Pending,Unsanctioned,Lok Sabha
Bache BN Gowda,"NA - Construction of roads, approach roads, link roads and pathways",Normal/Others,Karnataka,CHIKBALLAPUR,Deputy Commissioner Bangalore Rural_IDA,,,Hosakote,Hosakote,2024-01-01,250000,Action Pending,Unsanctioned,Lok Sabha
Bache BN Gowda,"NA - Construction of roads, approach roads, link roads and pathways",Normal/Others,Karnataka,CHIKBALLAPUR,Deputy Commissioner Bangalore Rural_IDA,,,Hosakote,Hosakote,2024-01-01,250000,Action Pending,Unsanctioned,Lok Sabha
Bache BN Gowda,NA - Providing drains and gutters for public drainage,Normal/Others,Karnataka,CHIKBALLAPUR,Deputy Commissioner Bangalore Rural_IDA,,,Hosakote,Hosakote,2024-01-01,250000,Action Pending,Unsanctioned,Lok Sabha
Bache BN Gowda,"NA - Construction of roads, approach roads, link roads and pathways",Normal/Others,Karnataka,CHIKBALLAPUR,Deputy Commissioner Bangalore Rural_IDA,,,Hosakote,Hosakote,2024-01-01,250000,Action Pending,Unsanctioned,Lok Sabha
Bache BN Gowda,"NA - Construction of roads, approach roads, link roads and pathways",Normal/Others,Karnataka,CHIKBALLAPUR,Deputy Commissioner Bangalore Rural_IDA,,,Dodda Ballapur,Gantiganahalli,2023-12-23,500000,Action Pending,Unsanctioned,Lok Sabha
Bache BN Gowda,NA - Construction of culverts and bridges,Normal/Others,Karnataka,CHIKBALLAPUR,DEPUTY COMMISSIONER RAMANAGARA_IDA,,,Magadi,Nethenahalli,2023-12-23,500000,Action Pending,Unsanctioned,Lok Sabha
Bache BN Gowda,NA - Construction of culverts and bridges,Normal/Others,Karnataka,CHIKBALLAPUR,DEPUTY COMMISSIONER RAMANAGARA_IDA,,,Magadi,Nethenahalli,2023-12-23,500000,Action Pending,Unsanctioned,Lok Sabha
Bache BN Gowda,NA - Lighting of public spaces,Normal/Others,Karnataka,CHIKBALLAPUR,Deputy Commissioner Bangalore Rural_IDA,,,Dodda Ballapur,Gantiganahalli,2023-12-23,500000,Action Pending,Unsanctioned,Lok Sabha
Bache BN Gowda,"NA - Construction of roads, approach roads, link roads and pathways",Normal/Others,Karnataka,CHIKBALLAPUR,Deputy Commissioner Bangalore Rural_IDA,,,Dodda Ballapur,Gangadharapura,2023-12-23,500000,Action Pending,Unsanctioned,Lok Sabha
Bache BN Gowda,"NA - Construction of roads, approach roads, link roads and pathways",Normal/Others,Karnataka,CHIKBALLAPUR,Deputy Commissioner Bangalore Rural_IDA,,,Dodda Ballapur,Kelaginanaikaradahalli,2023-12-23,500000,Action Pending,Unsanctioned,Lok Sabha
Bache BN Gowda,"NA - Construction of roads, approach roads, link roads and pathways",Normal/Others,Karnataka,CHIKBALLAPUR,Deputy Commissioner Bangalore Rural_IDA,,,Dodda Ballapur,Nellukunte,2023-12-23,500000,Action Pending,Unsanctioned,Lok Sabha
Bache BN Gowda,"NA - Construction of roads, approach roads, link roads and pathways",Normal/Others,Karnataka,CHIKBALLAPUR,Deputy Commissioner Bangalore Rural_IDA,,,Dodda Ballapur,Gedlapalya,2023-12-23,500000,Action Pending,Unsanctioned,Lok Sabha
Bache BN Gowda,"NA - Construction of roads, approach roads, link roads and pathways",Normal/Others,Karnataka,CHIKBALLAPUR,Deputy Commissioner Bangalore Rural_IDA,,,Dodda Ballapur,Udanahalli,2023-12-23,500000,Action Pending,Unsanctioned,Lok Sabha
Bache BN Gowda,"NA - Construction of roads, approach roads, link roads and pathways",Normal/Others,Karnataka,CHIKBALLAPUR,Deputy Commissioner Bangalore Rural_IDA,,,Dodda Ballapur,Gulya,2023-12-23,500000,Action Pending,Unsanctioned,Lok Sabha
Bache BN Gowda,"NA - Construction of roads, approach roads, link roads and pathways",Normal/Others,Karnataka,CHIKBALLAPUR,Deputy Commissioner Bangalore Rural_IDA,,,Dodda Ballapur,Gantiganahalli,2023-12-23,500000,Action Pending,Unsanctioned,Lok Sabha
Bache BN Gowda,"NA - Construction of roads, approach roads, link roads and pathways",Normal/Others,Karnataka,CHIKBALLAPUR,Deputy Commissioner Bangalore Rural_IDA,,,Dodda Ballapur,Kanchiganala,2023-12-23,500000,Action Pending,Unsanctioned,Lok Sabha
Bache BN Gowda,"NA - Construction of roads, approach roads, link roads and pathways",Normal/Others,Karnataka,CHIKBALLAPUR,Deputy Commissioner Bangalore Rural_IDA,,,Dodda Ballapur,Linganahalli,2023-12-23,500000,Action Pending,Unsanctioned,Lok Sabha
Bache BN Gowda,"NA - Construction of roads, approach roads, link roads and pathways",Normal/Others,Karnataka,CHIKBALLAPUR,Deputy Commissioner Bangalore Rural_IDA,,,Dodda Ballapur,Narasaihna Agrahara,2023-12-23,500000,Action Pending,Unsanctioned,Lok Sabha
Bache BN Gowda,"NA - Construction of roads, approach roads, link roads and pathways",Normal/Others,Karnataka,CHIKBALLAPUR,Deputy Commissioner Bangalore Rural_IDA,,,Dodda Ballapur,Tubagere,2023-12-23,490000,Action Pending,Unsanctioned,Lok Sabha
Bache BN Gowda,"NA - Construction of roads, approach roads, link roads and pathways",Normal/Others,Karnataka,CHIKBALLAPUR,Deputy Commissioner Bangalore Rural_IDA,,,Dodda Ballapur,Tubagere,2023-12-23,490000,Action Pending,Unsanctioned,Lok Sabha
Bache BN Gowda,NA - Construction of buildings and providing fixed assets for semen banks,Normal/Others,Karnataka,CHIKBALLAPUR,Deputy Commissioner Bangalore Rural_IDA,,,Dodda Ballapur,Dargajogihalli (Og),2023-12-23,1000000,Action Pending,Unsanctioned,Lok Sabha
Bache BN Gowda,"NA - Construction of roads, approach roads, link roads and pathways",Normal/Others,Karnataka,CHIKBALLAPUR,Deputy Commissioner Bangalore Rural_IDA,,,Dodda Ballapur,Ganadalu,2023-12-23,500000,Action Pending,Unsanctioned,Lok Sabha
Bache BN Gowda,"NA - Construction of roads, approach roads, link roads and pathways",Normal/Others,Karnataka,CHIKBALLAPUR,Deputy Commissioner Bangalore Rural_IDA,,,Dodda Ballapur,Ganadalu,2023-12-23,500000,Action Pending,Unsanctioned,Lok Sabha
Bache BN Gowda,NA - Construction of community centers and community halls,Normal/Others,Karnataka,CHIKBALLAPUR,Deputy Commissioner Bangalore Rural_IDA,,,Nelamangala,Shivagange,2023-12-23,1000000,Action Pending,Unsanctioned,Lok Sabha
Bache BN Gowda,NA - Construction of culverts and bridges,Normal/Others,Karnataka,CHIKBALLAPUR,DEPUTY COMMISSIONER RAMANAGARA_IDA,,,Magadi,Nethenahalli,2023-12-23,500000,Action Pending,Unsanctioned,Lok Sabha
Bache BN Gowda,NA - Construction of culverts and bridges,Normal/Others,Karnataka,CHIKBALLAPUR,DEPUTY COMMISSIONER RAMANAGARA_IDA,,,Magadi,Nethenahalli,2023-12-23,500000,Action Pending,Unsanctioned,Lok Sabha
Bache BN Gowda,NA - Construction of community centers and community halls,Normal/Others,Karnataka,CHIKBALLAPUR,Deputy Commissioner Bangalore Rural_IDA,,,Dodda Ballapur,Melekote,2023-12-23,500000,Action Pending,Unsanctioned,Lok Sabha
Bache BN Gowda,"NA - Construction of roads, approach roads, link roads and pathways",Normal/Others,Karnataka,CHIKBALLAPUR,Deputy Commissioner Bangalore Rural_IDA,,,Dodda Ballapur,Gantiganahalli,2023-12-23,500000,Action Pending,Unsanctioned,Lok Sabha
Bache BN Gowda,"NA - Construction of roads, approach roads, link roads and pathways",Normal/Others,Karnataka,CHIKBALLAPUR,Deputy Commissioner Bangalore Rural_IDA,,,Dodda Ballapur,Gangadharapura,2023-12-23,500000,Action Pending,Unsanctioned,Lok Sabha
Bache BN Gowda,NA - Lighting of public spaces,Normal/Others,Karnataka,CHIKBALLAPUR,Deputy Commissioner Bangalore Rural_IDA,,,Dodda Ballapur,Kavalahalli,2023-12-23,500000,Action Pending,Unsanctioned,Lok Sabha
Bache BN Gowda,NA - Lighting of public spaces,Normal/Others,Karnataka,CHIKBALLAPUR,Deputy Commissioner Bangalore Rural_IDA,,,Dodda Ballapur,Gantiganahalli,2023-12-23,500000,Action Pending,Unsanctioned,Lok Sabha
Bache BN Gowda,"NA - Construction of roads, approach roads, link roads and pathways",Normal/Others,Karnataka,CHIKBALLAPUR,Deputy Commissioner Bangalore Rural_IDA,,,Dodda Ballapur,Tubagere,2023-12-23,500000,Action Pending,Unsanctioned,Lok Sabha
Bache BN Gowda,NA - Construction of boundary walls of existing public and community buildings,Normal/Others,Karnataka,CHIKBALLAPUR,Deputy Commissioner Bangalore Rural_IDA,,,Dodda Ballapur,Gantiganahalli,2023-12-23,500000,Action Pending,Unsanctioned,Lok Sabha
Bache BN Gowda,NA - Lighting of public spaces,Normal/Others,Karnataka,CHIKBALLAPUR,Deputy Commissioner Bangalore Rural_IDA,,,Dodda Ballapur,Gantiganahalli,2023-12-23,500000,Action Pending,Unsanctioned,Lok Sabha
Bache BN Gowda,"NA - Construction of roads, approach roads, link roads and pathways",Normal/Others,Karnataka,CHIKBALLAPUR,Deputy Commissioner Bangalore Rural_IDA,,,Dodda Ballapur,Beedikere Agrahara,2023-12-23,500000,Action Pending,Unsanctioned,Lok Sabha
Bache BN Gowda,NA - Lighting of public spaces,Normal/Others,Karnataka,CHIKBALLAPUR,Deputy Commissioner Bangalore Rural_IDA,,,Dodda Ballapur,Kavalahalli,2023-12-23,500000,Action Pending,Unsanctioned,Lok Sabha
Bache BN Gowda,"NA - Construction of roads, approach roads, link roads and pathways",Normal/Others,Karnataka,CHIKBALLAPUR,Deputy Commissioner Bangalore Rural_IDA,,,Dodda Ballapur,Gantiganahalli,2023-12-23,500000,Action Pending,Unsanctioned,Lok Sabha
Bache BN Gowda,"NA - Construction of roads, approach roads, link roads and pathways",Normal/Others,Karnataka,CHIKBALLAPUR,Deputy Commissioner Bangalore Rural_IDA,,,Dodda Ballapur,Tubagere,2023-12-23,500000,Action Pending,Unsanctioned,Lok Sabha
Bache BN Gowda,"NA - Construction of roads, approach roads, link roads and pathways",Normal/Others,Karnataka,CHIKBALLAPUR,Deputy Commissioner Bangalore Rural_IDA,,,Dodda Ballapur,Heggadihalli,2023-12-23,500000,Action Pending,Unsanctioned,Lok Sabha
Bache BN Gowda,"NA - Construction of roads, approach roads, link roads and pathways",Normal/Others,Karnataka,CHIKBALLAPUR,Deputy Commissioner Bangalore Rural_IDA,,,Dodda Ballapur,Heggadihalli,2023-12-23,500000,Action Pending,Unsanctioned,Lok Sabha
Bache BN Gowda,"NA - Construction of roads, approach roads, link roads and pathways",Normal/Others,Karnataka,CHIKBALLAPUR,Deputy Commissioner Bangalore Rural_IDA,,,Dodda Ballapur,Tubagere,2023-12-23,500000,Action Pending,Unsanctioned,Lok Sabha
Bache BN Gowda,NA - Lighting of public spaces,Normal/Others,Karnataka,CHIKBALLAPUR,Deputy Commissioner Bangalore Rural_IDA,,,Dodda Ballapur,Gangadharapura,2023-12-23,500000,Action Pending,Unsanctioned,Lok Sabha
Bache BN Gowda,"NA - Construction of roads, approach roads, link roads and pathways",Normal/Others,Karnataka,CHIKBALLAPUR,Deputy Commissioner Bangalore Rural_IDA,,,Dodda Ballapur,Tubagere,2023-12-23,500000,Action Pending,Unsanctioned,Lok Sabha
Bache BN Gowda,"NA - Construction of roads, approach roads, link roads and pathways",Normal/Others,Karnataka,CHIKBALLAPUR,Deputy Commissioner Bangalore Rural_IDA,,,Dodda Ballapur,Gantiganahalli,2023-12-23,500000,Action Pending,Unsanctioned,Lok Sabha
Bache BN Gowda,"NA - Construction of roads, approach roads, link roads and pathways",Normal/Others,Karnataka,CHIKBALLAPUR,DEPUTY COMMISSIONER CHICKKABALLAPUR_IDA,,,Chikkaballapura,Ittappanahalli,2023-12-18,500000,Action Pending,Unsanctioned,Lok Sabha
Bache BN Gowda,NA - Construction of community centers and community halls,Normal/Others,Karnataka,CHIKBALLAPUR,DEPUTY COMMISSIONER CHICKKABALLAPUR_IDA,,,Gudibanda,Somenahalli,2023-12-18,1000000,Action Pending,Unsanctioned,Lok Sabha
Bache BN Gowda,NA - Construction of community centers and community halls,Normal/Others,Karnataka,CHIKBALLAPUR,DEPUTY COMMISSIONER CHICKKABALLAPUR_IDA,,,Bagepalli,Devaragudipalli,2023-12-18,1000000,Action Pending,Unsanctioned,Lok Sabha
Bache BN Gowda,NA - Lighting of public spaces,Normal/Others,Karnataka,CHIKBALLAPUR,DEPUTY COMMISSIONER CHICKKABALLAPUR_IDA,,,Chikkaballapura,Thandramaradahalli,2023-12-18,500000,Action Pending,Unsanctioned,Lok Sabha
Bache BN Gowda,NA - Lighting of public spaces,Normal/Others,Karnataka,CHIKBALLAPUR,DEPUTY COMMISSIONER CHICKKABALLAPUR_IDA,,,Chikkaballapura,Mylappanahalli,2023-12-18,500000,Action Pending,Unsanctioned,Lok Sabha
Bache BN Gowda,"NA - Construction of roads, approach roads, link roads and pathways",Normal/Others,Karnataka,CHIKBALLAPUR,DEPUTY COMMISSIONER CHICKKABALLAPUR_IDA,,,Chikkaballapura,Ittappanahalli,2023-12-18,500000,Action Pending,Unsanctioned,Lok Sabha
Bache BN Gowda,NA - Lighting of public spaces,Normal/Others,Karnataka,CHIKBALLAPUR,DEPUTY COMMISSIONER CHICKKABALLAPUR_IDA,,,Chikkaballapura,Arasanahalli,2023-12-18,500000,Action Pending,Unsanctioned,Lok Sabha
Bache BN Gowda,NA - Lighting of public spaces,Normal/Others,Karnataka,CHIKBALLAPUR,DEPUTY COMMISSIONER CHICKKABALLAPUR_IDA,,,Chikkaballapura,Muddenahalli,2023-12-18,500000,Action Pending,Unsanctioned,Lok Sabha
Bache BN Gowda,NA - Construction of bus-sheds or bus-stops,Normal/Others,Karnataka,CHIKBALLAPUR,DEPUTY COMMISSIONER CHICKKABALLAPUR_IDA,,,Chikkaballapura,Muddenahalli,2023-12-18,500000,Action Pending,Unsanctioned,Lok Sabha
Bache BN Gowda,"NA - Construction of roads, approach roads, link roads and pathways",Normal/Others,Karnataka,CHIKBALLAPUR,DEPUTY COMMISSIONER CHICKKABALLAPUR_IDA,,,Chikkaballapura,Kanajenahalli,2023-12-18,500000,Action Pending,Unsanctioned,Lok Sabha
Bache BN Gowda,NA - Construction of bus-sheds or bus-stops,Normal/Others,Karnataka,CHIKBALLAPUR,DEPUTY COMMISSIONER CHICKKABALLAPUR_IDA,Chik Ballapur,BB Road,,,2023-12-18,500000,Action Pending,Unsanctioned,Lok Sabha
Bache BN Gowda,NA - Construction of bus-sheds or bus-stops,Normal/Others,Karnataka,CHIKBALLAPUR,DEPUTY COMMISSIONER CHICKKABALLAPUR_IDA,Chik Ballapur,BB Road,,,2023-12-18,500000,Action Pending,Unsanctioned,Lok Sabha
Bache BN Gowda,NA - Construction of community centers and community halls,Normal/Others,Karnataka,CHIKBALLAPUR,DEPUTY COMMISSIONER CHICKKABALLAPUR_IDA,Chik Ballapur,chik Ballapur,,,2023-12-18,1000000,Action Pending,Unsanctioned,Lok Sabha
Bache BN Gowda,"NA - Construction of roads, approach roads, link roads and pathways",Normal/Others,Karnataka,CHIKBALLAPUR,DEPUTY COMMISSIONER CHICKKABALLAPUR_IDA,,,CHIKBALLAPUR,Avalagurki,2023-12-18,500000,Action Pending,Unsanctioned,Lok Sabha
Bache BN Gowda,NA - Construction of community centers and community halls,Normal/Others,Karnataka,CHIKBALLAPUR,DEPUTY COMMISSIONER CHICKKABALLAPUR_IDA,,,CHIKBALLAPUR,Mavahalli,2023-12-18,500000,Action Pending,Unsanctioned,Lok Sabha
Bache BN Gowda,"NA - Construction of roads, approach roads, link roads and pathways",Normal/Others,Karnataka,CHIKBALLAPUR,DEPUTY COMMISSIONER CHICKKABALLAPUR_IDA,,,CHIKBALLAPUR,Avalagurki,2023-12-18,500000,Action Pending,Unsanctioned,Lok Sabha
Bache BN Gowda,"NA - Construction of roads, approach roads, link roads and pathways",Normal/Others,Karnataka,CHIKBALLAPUR,DEPUTY COMMISSIONER CHICKKABALLAPUR_IDA,,,CHIKBALLAPUR,Kethenahalli,2023-12-18,500000,Action Pending,Unsanctioned,Lok Sabha
Bache BN Gowda,NA - Lighting of public spaces,Normal/Others,Karnataka,CHIKBALLAPUR,DEPUTY COMMISSIONER CHICKKABALLAPUR_IDA,,,CHIKBALLAPUR,Harobande,2023-12-18,500000,Action Pending,Unsanctioned,Lok Sabha
Bache BN Gowda,NA - Lighting of public spaces,Normal/Others,Karnataka,CHIKBALLAPUR,DEPUTY COMMISSIONER CHICKKABALLAPUR_IDA,,,CHIKBALLAPUR,Harobande,2023-12-18,500000,Action Pending,Unsanctioned,Lok Sabha
Bache BN Gowda,"NA - Construction of roads, approach roads, link roads and pathways",Normal/Others,Karnataka,CHIKBALLAPUR,DEPUTY COMMISSIONER CHICKKABALLAPUR_IDA,,,CHIKBALLAPUR,Harobande,2023-12-18,500000,Action Pending,Unsanctioned,Lok Sabha
Bache BN Gowda,NA - Providing drains and gutters for public drainage,Normal/Others,Karnataka,CHIKBALLAPUR,DEPUTY COMMISSIONER CHICKKABALLAPUR_IDA,,,CHIKBALLAPUR,Nallenahalli,2023-12-18,500000,Action Pending,Unsanctioned,Lok Sabha
Bache BN Gowda,"NA - Construction of roads, approach roads, link roads and pathways",Normal/Others,Karnataka,CHIKBALLAPUR,DEPUTY COMMISSIONER CHICKKABALLAPUR_IDA,,,CHIKBALLAPUR,Kanithahalli,2023-12-18,500000,Action Pending,Unsanctioned,Lok Sabha
Bache BN Gowda,"NA - Construction of roads, approach roads, link roads and pathways",Normal/Others,Karnataka,CHIKBALLAPUR,DEPUTY COMMISSIONER CHICKKABALLAPUR_IDA,,,CHIKBALLAPUR,Kanithahalli,2023-12-18,500000,Action Pending,Unsanctioned,Lok Sabha
Bache BN Gowda,"NA - Construction of roads, approach roads, link roads and pathways",Normal/Others,Karnataka,CHIKBALLAPUR,Deputy Commissioner Bangalore Rural_IDA,,,HOSKOTE,Esthur Hosahalli,2023-12-16,500000,Action Pending,Unsanctioned,Lok Sabha
Bache BN Gowda,"NA - Construction of roads, approach roads, link roads and pathways",Normal/Others,Karnataka,CHIKBALLAPUR,Deputy Commissioner Bangalore Rural_IDA,,,HOSKOTE,Mugabala,2023-12-16,500000,Action Pending,Unsanctioned,Lok Sabha
Bache BN Gowda,"NA - Construction of roads, approach roads, link roads and pathways",Normal/Others,Karnataka,CHIKBALLAPUR,Deputy Commissioner Bangalore Rural_IDA,,,HOSKOTE,Lingadeeramallasandra,2023-12-16,500000,Action Pending,Unsanctioned,Lok Sabha
Bache BN Gowda,NA - Providing drains and gutters for public drainage,Normal/Others,Karnataka,CHIKBALLAPUR,Deputy Commissioner Bangalore Rural_IDA,,,HOSKOTE,Alagondahalli,2023-12-16,499000,Action Pending,Unsanctioned,Lok Sabha
Bache BN Gowda,NA - Lighting of public spaces,Normal/Others,Karnataka,CHIKBALLAPUR,Deputy Commissioner Bangalore Rural_IDA,,,HOSKOTE,Doddahullur,2023-12-16,200000,Action Pending,Unsanctioned,Lok Sabha
Bache BN Gowda,NA - Lighting of public spaces,Normal/Others,Karnataka,CHIKBALLAPUR,Deputy Commissioner Bangalore Rural_IDA,,,HOSKOTE,Doddahullur,2023-12-16,200000,Action Pending,Unsanctioned,Lok Sabha
Bache BN Gowda,NA - Providing drains and gutters for public drainage,Normal/Others,Karnataka,CHIKBALLAPUR,Deputy Commissioner Bangalore Rural_IDA,,,HOSKOTE,Doddadenahalli,2023-12-16,490000,Action Pending,Unsanctioned,Lok Sabha
Bache BN Gowda,"NA - Construction of roads, approach roads, link roads and pathways",Normal/Others,Karnataka,CHIKBALLAPUR,Deputy Commissioner Bangalore Rural_IDA,,,HOSKOTE,Harohalli,2023-12-16,450000,Action Pending,Unsanctioned,Lok Sabha
Bache BN Gowda,NA - Construction of community centers and community halls,Normal/Others,Karnataka,CHIKBALLAPUR,Deputy Commissioner Bangalore Rural_IDA,,,HOSKOTE,Orohalli,2023-12-16,250000,Action Pending,Unsanctioned,Lok Sabha
Bache BN Gowda,NA - Construction of rooms and halls in school and colleges,Normal/Others,Karnataka,CHIKBALLAPUR,Deputy Commissioner Bangalore Rural_IDA,,,HOSKOTE,Kalkunte Agrahara,2023-12-16,500000,Action Pending,Unsanctioned,Lok Sabha
Bache BN Gowda,"NA - Construction of roads, approach roads, link roads and pathways",Normal/Others,Karnataka,CHIKBALLAPUR,Deputy Commissioner Bangalore Rural_IDA,,,HOSKOTE,Upparahalli,2023-12-16,500000,Action Pending,Unsanctioned,Lok Sabha
Bache BN Gowda,NA - Providing drains and gutters for public drainage,Normal/Others,Karnataka,CHIKBALLAPUR,Deputy Commissioner Bangalore Rural_IDA,,,HOSKOTE,Upparahalli,2023-12-16,500000,Action Pending,Unsanctioned,Lok Sabha
Bache BN Gowda,NA - Providing drains and gutters for public drainage,Normal/Others,Karnataka,CHIKBALLAPUR,Deputy Commissioner Bangalore Rural_IDA,,,HOSKOTE,Upparahalli,2023-12-16,500000,Action Pending,Unsanctioned,Lok Sabha
Bache BN Gowda,"NA - Construction of roads, approach roads, link roads and pathways",Normal/Others,Karnataka,CHIKBALLAPUR,Deputy Commissioner Bangalore Rural_IDA,,,HOSKOTE,Lingadeeramallasandra,2023-12-16,500000,Action Pending,Unsanctioned,Lok Sabha
Bache BN Gowda,"NA - Construction of roads, approach roads, link roads and pathways",Normal/Others,Karnataka,CHIKBALLAPUR,Deputy Commissioner Bangalore Rural_IDA,,,HOSKOTE,Mugabala,2023-12-16,500000,Action Pending,Unsanctioned,Lok Sabha
Bache BN Gowda,NA - Construction of community centers and community halls,Normal/Others,Karnataka,CHIKBALLAPUR,Deputy Commissioner Bangalore Rural_IDA,,,HOSKOTE,Bendiganahalli,2023-12-16,500000,Action Pending,Unsanctioned,Lok Sabha
Bache BN Gowda,"NA - Construction of roads, approach roads, link roads and pathways",Normal/Others,Karnataka,CHIKBALLAPUR,Deputy Commissioner Bangalore Rural_IDA,,,HOSKOTE,Kotur,2023-12-16,500000,Action Pending,Unsanctioned,Lok Sabha
Bache BN Gowda,"NA - Construction of roads, approach roads, link roads and pathways",Normal/Others,Karnataka,CHIKBALLAPUR,Deputy Commissioner Bangalore Rural_IDA,,,HOSKOTE,Harohalli,2023-12-16,500000,Action Pending,Unsanctioned,Lok Sabha
Bache BN Gowda,"NA - Construction of roads, approach roads, link roads and pathways",Normal/Others,Karnataka,CHIKBALLAPUR,Deputy Commissioner Bangalore Rural_IDA,,,HOSKOTE,Mugabala,2023-12-16,500000,Action Pending,Unsanctioned,Lok Sabha
Bache BN Gowda,"NA - Construction of roads, approach roads, link roads and pathways",Normal/Others,Karnataka,CHIKBALLAPUR,Deputy Commissioner Bangalore Rural_IDA,,,HOSKOTE,Mugabala,2023-12-16,500000,Action Pending,Unsanctioned,Lok Sabha
Bache BN Gowda,"NA - Construction of roads, approach roads, link roads and pathways",Normal/Others,Karnataka,CHIKBALLAPUR,Deputy Commissioner Bangalore Rural_IDA,,,HOSKOTE,Mugabala,2023-12-16,500000,Action Pending,Unsanctioned,Lok Sabha
Bache BN Gowda,"NA - Construction of roads, approach roads, link roads and pathways",Normal/Others,Karnataka,CHIKBALLAPUR,Deputy Commissioner Bangalore Rural_IDA,,,HOSKOTE,Mugabala,2023-12-16,500000,Action Pending,Unsanctioned,Lok Sabha
Bache BN Gowda,"NA - Construction of roads, approach roads, link roads and pathways",Normal/Others,Karnataka,CHIKBALLAPUR,Deputy Commissioner Bangalore Rural_IDA,,,HOSKOTE,Nandagudi,2023-12-16,500000,Action Pending,Unsanctioned,Lok Sabha
Bache BN Gowda,"NA - Construction of roads, approach roads, link roads and pathways",Normal/Others,Karnataka,CHIKBALLAPUR,Deputy Commissioner Bangalore Rural_IDA,,,HOSKOTE,Esthur,2023-12-16,500000,Action Pending,Unsanctioned,Lok Sabha
Bache BN Gowda,"NA - Construction of roads, approach roads, link roads and pathways",Normal/Others,Karnataka,CHIKBALLAPUR,Deputy Commissioner Bangalore Rural_IDA,,,HOSKOTE,Esthur,2023-12-16,500000,Action Pending,Unsanctioned,Lok Sabha
Bache BN Gowda,"NA - Construction of roads, approach roads, link roads and pathways",Normal/Others,Karnataka,CHIKBALLAPUR,Deputy Commissioner Bangalore Rural_IDA,,,HOSKOTE,Esthur,2023-12-16,500000,Action Pending,Unsanctioned,Lok Sabha
Bache BN Gowda,"NA - Construction of roads, approach roads, link roads and pathways",Normal/Others,Karnataka,CHIKBALLAPUR,Deputy Commissioner Bangalore Rural_IDA,,,HOSKOTE,Shankanipura,2023-12-16,500000,Action Pending,Unsanctioned,Lok Sabha
Bache BN Gowda,"NA - Construction of roads, approach roads, link roads and pathways",Normal/Others,Karnataka,CHIKBALLAPUR,Deputy Commissioner Bangalore Rural_IDA,,,HOSKOTE,Oblahalli,2023-12-16,500000,Action Pending,Unsanctioned,Lok Sabha
Bache BN Gowda,"NA - Construction of roads, approach roads, link roads and pathways",Normal/Others,Karnataka,CHIKBALLAPUR,Deputy Commissioner Bangalore Rural_IDA,,,HOSKOTE,Chinnandahalli,2023-12-16,500000,Action Pending,Unsanctioned,Lok Sabha
Bache BN Gowda,"NA - Construction of roads, approach roads, link roads and pathways",Normal/Others,Karnataka,CHIKBALLAPUR,Deputy Commissioner Bangalore Rural_IDA,,,DEVANHALLI,Bediganahalli,2023-12-16,500000,Action Pending,Unsanctioned,Lok Sabha
Bache BN Gowda,"NA - Construction of roads, approach roads, link roads and pathways",Normal/Others,Karnataka,CHIKBALLAPUR,Deputy Commissioner Bangalore Rural_IDA,,,DEVANHALLI,Bediganahalli,2023-12-16,500000,Action Pending,Unsanctioned,Lok Sabha
Bache BN Gowda,NA - Lighting of public spaces,Normal/Others,Karnataka,CHIKBALLAPUR,Deputy Commissioner Bangalore Rural_IDA,,,DEVANHALLI,Maligenahalli,2023-12-16,500000,Action Pending,Unsanctioned,Lok Sabha
Bache BN Gowda,NA - Providing drains and gutters for public drainage,Normal/Others,Karnataka,CHIKBALLAPUR,Deputy Commissioner Bangalore Rural_IDA,,,DEVANHALLI,Koira,2023-12-16,500000,Action Pending,Unsanctioned,Lok Sabha
Bache BN Gowda,NA - Providing drains and gutters for public drainage,Normal/Others,Karnataka,CHIKBALLAPUR,Deputy Commissioner Bangalore Rural_IDA,,,HOSKOTE,Hindiganala,2023-12-16,500000,Action Pending,Unsanctioned,Lok Sabha
Bache BN Gowda,NA - Providing drains and gutters for public drainage,Normal/Others,Karnataka,CHIKBALLAPUR,Deputy Commissioner Bangalore Rural_IDA,,,HOSKOTE,Hindiganala,2023-12-16,500000,Action Pending,Unsanctioned,Lok Sabha
Bache BN Gowda,"NA - Construction of roads, approach roads, link roads and pathways",Normal/Others,Karnataka,CHIKBALLAPUR,Deputy Commissioner Bangalore Rural_IDA,,,HOSKOTE,Theneyur,2023-12-16,500000,Action Pending,Unsanctioned,Lok Sabha
Bache BN Gowda,"NA - Construction of roads, approach roads, link roads and pathways",Normal/Others,Karnataka,CHIKBALLAPUR,Deputy Commissioner Bangalore Rural_IDA,,,HOSKOTE,Esthur Hosahalli,2023-12-16,500000,Action Pending,Unsanctioned,Lok Sabha
Bache BN Gowda,"NA - Construction of roads, approach roads, link roads and pathways",Normal/Others,Karnataka,CHIKBALLAPUR,Deputy Commissioner Bangalore Rural_IDA,,,HOSKOTE,Nelavagilu,2023-12-16,500000,Action Pending,Unsanctioned,Lok Sabha
Bache BN Gowda,"NA - Construction of roads, approach roads, link roads and pathways",Normal/Others,Karnataka,CHIKBALLAPUR,Deputy Commissioner Bangalore Rural_IDA,,,HOSKOTE,Nelavagilu,2023-12-16,500000,Action Pending,Unsanctioned,Lok Sabha
Bache BN Gowda,"NA - Construction of roads, approach roads, link roads and pathways",Normal/Others,Karnataka,CHIKBALLAPUR,Deputy Commissioner Bangalore Rural_IDA,,,HOSKOTE,Chinnandahalli,2023-12-16,500000,Action Pending,Unsanctioned,Lok Sabha
Bache BN Gowda,"NA - Construction of roads, approach roads, link roads and pathways",Normal/Others,Karnataka,CHIKBALLAPUR,Deputy Commissioner Bangalore Rural_IDA,,,HOSKOTE,Oblahalli,2023-12-16,500000,Action Pending,Unsanctioned,Lok Sabha
Bache BN Gowda,"NA - Construction of roads, approach roads, link roads and pathways",Normal/Others,Karnataka,CHIKBALLAPUR,Deputy Commissioner Bangalore Rural_IDA,,,HOSKOTE,Shankanipura,2023-12-16,500000,Action Pending,Unsanctioned,Lok Sabha
Bache BN Gowda,"NA - Construction of roads, approach roads, link roads and pathways",Normal/Others,Karnataka,CHIKBALLAPUR,Deputy Commissioner Bangalore Rural_IDA,,,HOSKOTE,Esthur,2023-12-16,500000,Action Pending,Unsanctioned,Lok Sabha
Bache BN Gowda,"NA - Construction of roads, approach roads, link roads and pathways",Normal/Others,Karnataka,CHIKBALLAPUR,Deputy Commissioner Bangalore Rural_IDA,,,HOSKOTE,Esthur,2023-12-16,500000,Action Pending,Unsanctioned,Lok Sabha
Bache BN Gowda,"NA - Construction of roads, approach roads, link roads and pathways",Normal/Others,Karnataka,CHIKBALLAPUR,Deputy Commissioner Bangalore Rural_IDA,,,HOSKOTE,Esthur,2023-12-16,500000,Action Pending,Unsanctioned,Lok Sabha
Bache BN Gowda,"NA - Construction of roads, approach roads, link roads and pathways",Normal/Others,Karnataka,CHIKBALLAPUR,Deputy Commissioner Bangalore Rural_IDA,,,HOSKOTE,Nandagudi,2023-12-16,500000,Action Pending,Unsanctioned,Lok Sabha
Bache BN Gowda,NA - Lighting of public spaces,Normal/Others,Karnataka,CHIKBALLAPUR,Deputy Commissioner Bangalore Rural_IDA,,,DEVANHALLI,Ramanathapura,2023-12-16,500000,Action Pending,Unsanctioned,Lok Sabha
Bache BN Gowda,"NA - Construction of roads, approach roads, link roads and pathways",Normal/Others,Karnataka,CHIKBALLAPUR,Deputy Commissioner Bangalore Rural_IDA,,,DEVANHALLI,Bediganahalli,2023-12-16,500000,Action Pending,Unsanctioned,Lok Sabha
Bache BN Gowda,"NA - Construction of roads, approach roads, link roads and pathways",Normal/Others,Karnataka,CHIKBALLAPUR,Deputy Commissioner Bangalore Rural_IDA,,,HOSKOTE,Nelavagilu,2023-12-16,500000,Action Pending,Unsanctioned,Lok Sabha
Bache BN Gowda,NA - Lighting of public spaces,Normal/Others,Karnataka,CHIKBALLAPUR,Deputy Commissioner Bangalore Rural_IDA,,,DEVANHALLI,Alurdoddanahalli,2023-12-16,500000,Action Pending,Unsanctioned,Lok Sabha
Bache BN Gowda,NA - Providing drains and gutters for public drainage,Normal/Others,Karnataka,CHIKBALLAPUR,Deputy Commissioner Bangalore Rural_IDA,,,HOSKOTE,Nelavagilu,2023-12-16,500000,Action Pending,Unsanctioned,Lok Sabha
Bache BN Gowda,"NA - Construction of roads, approach roads, link roads and pathways",Normal/Others,Karnataka,CHIKBALLAPUR,Deputy Commissioner Bangalore Rural_IDA,,,HOSKOTE,Esthur,2023-12-16,500000,Action Pending,Unsanctioned,Lok Sabha
Bache BN Gowda,"NA - Construction of roads, approach roads, link roads and pathways",Normal/Others,Karnataka,CHIKBALLAPUR,Deputy Commissioner Bangalore Rural_IDA,,,HOSKOTE,Esthur,2023-12-16,500000,Action Pending,Unsanctioned,Lok Sabha
Bache BN Gowda,"NA - Construction of roads, approach roads, link roads and pathways",Normal/Others,Karnataka,CHIKBALLAPUR,Deputy Commissioner Bangalore Rural_IDA,,,HOSKOTE,Theneyur,2023-12-16,500000,Action Pending,Unsanctioned,Lok Sabha
Bache BN Gowda,"NA - Construction of roads, approach roads, link roads and pathways",Normal/Others,Karnataka,CHIKBALLAPUR,Deputy Commissioner Bangalore Rural_IDA,,,HOSKOTE,Hindiganala,2023-12-16,500000,Action Pending,Unsanctioned,Lok Sabha
Bache BN Gowda,"NA - Construction of roads, approach roads, link roads and pathways",Normal/Others,Karnataka,CHIKBALLAPUR,Deputy Commissioner Bangalore Rural_IDA,,,HOSKOTE,Hindiganala,2023-12-16,500000,Action Pending,Unsanctioned,Lok Sabha
Bache BN Gowda,"NA - Construction of roads, approach roads, link roads and pathways",Normal/Others,Karnataka,CHIKBALLAPUR,Deputy Commissioner Bangalore Rural_IDA,,,HOSKOTE,Hindiganala,2023-12-16,500000,Action Pending,Unsanctioned,Lok Sabha
Bache BN Gowda,"NA - Construction of roads, approach roads, link roads and pathways",Normal/Others,Karnataka,CHIKBALLAPUR,Deputy Commissioner Bangalore Rural_IDA,,,HOSKOTE,Anupahalli,2023-12-16,500000,Action Pending,Unsanctioned,Lok Sabha
Bache BN Gowda,"NA - Construction of roads, approach roads, link roads and pathways",Normal/Others,Karnataka,CHIKBALLAPUR,Deputy Commissioner Bangalore Rural_IDA,,,HOSKOTE,Hindiganala,2023-12-16,500000,Action Pending,Unsanctioned,Lok Sabha
Bache BN Gowda,"NA - Construction of roads, approach roads, link roads and pathways",Normal/Others,Karnataka,CHIKBALLAPUR,Deputy Commissioner Bangalore Rural_IDA,,,HOSKOTE,Thimmappanahalli,2023-12-16,490000,Action Pending,Unsanctioned,Lok Sabha
Bache BN Gowda,NA - Lighting of public spaces,Normal/Others,Karnataka,CHIKBALLAPUR,Deputy Commissioner Bangalore Rural_IDA,,,HOSKOTE,Ittasandra,2023-12-16,495000,Action Pending,Unsanctioned,Lok Sabha
Bache BN Gowda,NA - Lighting of public spaces,Normal/Others,Karnataka,CHIKBALLAPUR,Deputy Commissioner Bangalore Rural_IDA,,,HOSKOTE,Ittasandra,2023-12-16,496000,Action Pending,Unsanctioned,Lok Sabha
Bache BN Gowda,"NA - Construction of roads, approach roads, link roads and pathways",Normal/Others,Karnataka,CHIKBALLAPUR,Deputy Commissioner Bangalore Rural_IDA,,,DEVANHALLI,ChikkaMurali,2023-12-16,500000,Action Pending,Unsanctioned,Lok Sabha
Bache BN Gowda,"NA - Construction of roads, approach roads, link roads and pathways",Normal/Others,Karnataka,CHIKBALLAPUR,Deputy Commissioner Bangalore Rural_IDA,,,DEVANHALLI,ChikkaMurali,2023-12-16,500000,Action Pending,Unsanctioned,Lok Sabha
Bache BN Gowda,"NA - Construction of roads, approach roads, link roads and pathways",Normal/Others,Karnataka,CHIKBALLAPUR,Deputy Commissioner Bangalore Rural_IDA,,,DEVANHALLI,Papanahalli,2023-12-16,500000,Action Pending,Unsanctioned,Lok Sabha
Bache BN Gowda,"NA - Construction of roads, approach roads, link roads and pathways",Normal/Others,Karnataka,CHIKBALLAPUR,Deputy Commissioner Bangalore Rural_IDA,,,DEVANHALLI,Devenahalli,2023-12-16,500000,Action Pending,Unsanctioned,Lok Sabha
Bache BN Gowda,"NA - Construction of roads, approach roads, link roads and pathways",Normal/Others,Karnataka,CHIKBALLAPUR,Deputy Commissioner Bangalore Rural_IDA,,,DEVANHALLI,Ramanathapura,2023-12-16,500000,Action Pending,Unsanctioned,Lok Sabha
Bache BN Gowda,"NA - Construction of roads, approach roads, link roads and pathways",Normal/Others,Karnataka,CHIKBALLAPUR,Deputy Commissioner Bangalore Rural_IDA,,,DEVANHALLI,Binnamangala,2023-12-16,500000,Action Pending,Unsanctioned,Lok Sabha
Bache BN Gowda,"NA - Construction of roads, approach roads, link roads and pathways",Normal/Others,Karnataka,CHIKBALLAPUR,Deputy Commissioner Bangalore Rural_IDA,,,DEVANHALLI,Vishwanathapura,2023-12-16,500000,Action Pending,Unsanctioned,Lok Sabha
Bache BN Gowda,"NA - Construction of roads, approach roads, link roads and pathways",Normal/Others,Karnataka,CHIKBALLAPUR,Deputy Commissioner Bangalore Rural_IDA,,,DEVANHALLI,Vishwanathapura,2023-12-16,500000,Action Pending,Unsanctioned,Lok Sabha
Bache BN Gowda,NA - Lighting of public spaces,Normal/Others,Karnataka,CHIKBALLAPUR,Deputy Commissioner Bangalore Rural_IDA,,,DEVANHALLI,Dodda Thattamangala,2023-12-16,500000,Action Pending,Unsanctioned,Lok Sabha
Bache BN Gowda,"NA - Construction of roads, approach roads, link roads and pathways",Normal/Others,Karnataka,CHIKBALLAPUR,Deputy Commissioner Bangalore Rural_IDA,,,DEVANHALLI,Beerasandra,2023-12-16,500000,Action Pending,Unsanctioned,Lok Sabha
Bache BN Gowda,NA - Lighting of public spaces,Normal/Others,Karnataka,CHIKBALLAPUR,Deputy Commissioner Bangalore Rural_IDA,,,DEVANHALLI,Jalige,2023-12-16,500000,Action Pending,Unsanctioned,Lok Sabha
Bache BN Gowda,NA - Providing drains and gutters for public drainage,Normal/Others,Karnataka,CHIKBALLAPUR,Deputy Commissioner Bangalore Rural_IDA,,,HOSKOTE,Devanagondi,2023-12-16,490000,Action Pending,Unsanctioned,Lok Sabha
Bache BN Gowda,NA - Providing drains and gutters for public drainage,Normal/Others,Karnataka,CHIKBALLAPUR,Deputy Commissioner Bangalore Rural_IDA,,,HOSKOTE,Harohalli,2023-12-16,450000,Action Pending,Unsanctioned,Lok Sabha
Bache BN Gowda,NA - Providing drains and gutters for public drainage,Normal/Others,Karnataka,CHIKBALLAPUR,Deputy Commissioner Bangalore Rural_IDA,,,HOSKOTE,Appasandra,2023-12-16,490000,Action Pending,Unsanctioned,Lok Sabha
Bache BN Gowda,NA - Lighting of public spaces,Normal/Others,Karnataka,CHIKBALLAPUR,Deputy Commissioner Bangalore Rural_IDA,,,HOSKOTE,Sonnadenahalli,2023-12-16,200000,Action Pending,Unsanctioned,Lok Sabha
Bache BN Gowda,NA - Lighting of public spaces,Normal/Others,Karnataka,CHIKBALLAPUR,Deputy Commissioner Bangalore Rural_IDA,,,HOSKOTE,Doddahullur,2023-12-16,200000,Action Pending,Unsanctioned,Lok Sabha
Bache BN Gowda,NA - Providing drains and gutters for public drainage,Normal/Others,Karnataka,CHIKBALLAPUR,Deputy Commissioner Bangalore Rural_IDA,,,HOSKOTE,Anugondahalli,2023-12-16,499000,Action Pending,Unsanctioned,Lok Sabha
Bache BN Gowda,NA - Construction of community centers and community halls,Normal/Others,Karnataka,CHIKBALLAPUR,Deputy Commissioner Bangalore Rural_IDA,,,HOSKOTE,Sulibele,2023-12-16,750000,Action Pending,Unsanctioned,Lok Sabha
Bache BN Gowda,"NA - Construction of roads, approach roads, link roads and pathways",Normal/Others,Karnataka,CHIKBALLAPUR,Deputy Commissioner Bangalore Rural_IDA,,,HOSKOTE,Mugabala,2023-12-16,500000,Action Pending,Unsanctioned,Lok Sabha
Bache BN Gowda,"NA - Construction of roads, approach roads, link roads and pathways",Normal/Others,Karnataka,CHIKBALLAPUR,Deputy Commissioner Bangalore Rural_IDA,,,HOSKOTE,Mugabala,2023-12-16,500000,Action Pending,Unsanctioned,Lok Sabha
Bache BN Gowda,"NA - Construction of roads, approach roads, link roads and pathways",Normal/Others,Karnataka,CHIKBALLAPUR,Deputy Commissioner Bangalore Rural_IDA,,,HOSKOTE,Harohalli,2023-12-16,500000,Action Pending,Unsanctioned,Lok Sabha
Bache BN Gowda,"NA - Construction of roads, approach roads, link roads and pathways",Normal/Others,Karnataka,CHIKBALLAPUR,Deputy Commissioner Bangalore Rural_IDA,,,HOSKOTE,Kotur,2023-12-16,500000,Action Pending,Unsanctioned,Lok Sabha
Bache BN Gowda,NA - Construction of community centers and community halls,Normal/Others,Karnataka,CHIKBALLAPUR,Deputy Commissioner Bangalore Rural_IDA,,,HOSKOTE,Bendiganahalli,2023-12-16,500000,Action Pending,Unsanctioned,Lok Sabha
Bache BN Gowda,"NA - Construction of roads, approach roads, link roads and pathways",Normal/Others,Karnataka,CHIKBALLAPUR,Deputy Commissioner Bangalore Rural_IDA,,,HOSKOTE,Lingadeeramallasandra,2023-12-16,500000,Action Pending,Unsanctioned,Lok Sabha
Bache BN Gowda,"NA - Construction of roads, approach roads, link roads and pathways",Normal/Others,Karnataka,CHIKBALLAPUR,Deputy Commissioner Bangalore Rural_IDA,,,HOSKOTE,Lingadeeramallasandra,2023-12-16,500000,Action Pending,Unsanctioned,Lok Sabha
Bache BN Gowda,NA - Providing drains and gutters for public drainage,Normal/Others,Karnataka,CHIKBALLAPUR,Deputy Commissioner Bangalore Rural_IDA,,,HOSKOTE,Upparahalli,2023-12-16,500000,Action Pending,Unsanctioned,Lok Sabha
Bache BN Gowda,NA - Providing drains and gutters for public drainage,Normal/Others,Karnataka,CHIKBALLAPUR,Deputy Commissioner Bangalore Rural_IDA,,,HOSKOTE,Upparahalli,2023-12-16,500000,Action Pending,Unsanctioned,Lok Sabha
Bache BN Gowda,"NA - Construction of roads, approach roads, link roads and pathways",Normal/Others,Karnataka,CHIKBALLAPUR,Deputy Commissioner Bangalore Rural_IDA,,,HOSKOTE,Upparahalli,2023-12-16,500000,Action Pending,Unsanctioned,Lok Sabha
Bache BN Gowda,NA - Construction of boundary walls of existing public and community buildings,Normal/Others,Karnataka,CHIKBALLAPUR,Deputy Commissioner Bangalore Rural_IDA,,,HOSKOTE,Kalkunte Agrahara,2023-12-16,500000,Action Pending,Unsanctioned,Lok Sabha
Bache BN Gowda,NA - Construction of buildings for community cultural activities,Normal/Others,Karnataka,CHIKBALLAPUR,Deputy Commissioner Bangalore Rural_IDA,,,HOSKOTE,Orohalli,2023-12-16,250000,Action Pending,Unsanctioned,Lok Sabha
Bache BN Gowda,NA - Providing drains and gutters for public drainage,Normal/Others,Karnataka,CHIKBALLAPUR,Deputy Commissioner Bangalore Rural_IDA,,,HOSKOTE,Doddaganahalli,2023-12-16,490000,Action Pending,Unsanctioned,Lok Sabha
Bache BN Gowda,NA - Construction of bus-sheds or bus-stops,Normal/Others,Karnataka,CHIKBALLAPUR,Deputy Commissioner Bangalore Rural_IDA,,,HOSKOTE,Dalasagere,2023-12-16,500000,Action Pending,Unsanctioned,Lok Sabha
Bache BN Gowda,NA - Lighting of public spaces,Normal/Others,Karnataka,CHIKBALLAPUR,Deputy Commissioner Bangalore Rural_IDA,,,HOSKOTE,Karibeeranahosahalli,2023-12-16,200000,Action Pending,Unsanctioned,Lok Sabha
Bache BN Gowda,NA - Providing drains and gutters for public drainage,Normal/Others,Karnataka,CHIKBALLAPUR,Deputy Commissioner Bangalore Rural_IDA,,,DEVANHALLI,Gururayana Hosur,2023-12-16,500000,Action Pending,Unsanctioned,Lok Sabha
Bache BN Gowda,"NA - Construction of roads, approach roads, link roads and pathways",Normal/Others,Karnataka,CHIKBALLAPUR,Deputy Commissioner Bangalore Rural_IDA,,,DEVANHALLI,Dyavarahalli,2023-12-16,500000,Action Pending,Unsanctioned,Lok Sabha
Bache BN Gowda,"NA - Construction of roads, approach roads, link roads and pathways",Normal/Others,Karnataka,CHIKBALLAPUR,Deputy Commissioner Bangalore Rural_IDA,,,DEVANHALLI,Vishwanathapura,2023-12-16,500000,Action Pending,Unsanctioned,Lok Sabha
Bache BN Gowda,NA - Lighting of public spaces,Normal/Others,Karnataka,CHIKBALLAPUR,Deputy Commissioner Bangalore Rural_IDA,,,DEVANHALLI,Dodda Thattamangala,2023-12-16,500000,Action Pending,Unsanctioned,Lok Sabha
Bache BN Gowda,"NA - Construction of roads, approach roads, link roads and pathways",Normal/Others,Karnataka,CHIKBALLAPUR,Deputy Commissioner Bangalore Rural_IDA,,,DEVANHALLI,Beerasandra,2023-12-16,500000,Action Pending,Unsanctioned,Lok Sabha
Bache BN Gowda,NA - Lighting of public spaces,Normal/Others,Karnataka,CHIKBALLAPUR,Deputy Commissioner Bangalore Rural_IDA,,,DEVANHALLI,Jalige,2023-12-16,500000,Action Pending,Unsanctioned,Lok Sabha
Bache BN Gowda,NA - Lighting of public spaces,Normal/Others,Karnataka,CHIKBALLAPUR,Deputy Commissioner Bangalore Rural_IDA,,,DEVANHALLI,Alurdoddanahalli,2023-12-16,500000,Action Pending,Unsanctioned,Lok Sabha
Bache BN Gowda,"NA - Construction of roads, approach roads, link roads and pathways",Normal/Others,Karnataka,CHIKBALLAPUR,Deputy Commissioner Bangalore Rural_IDA,,,DEVANHALLI,Bediganahalli,2023-12-16,500000,Action Pending,Unsanctioned,Lok Sabha
Bache BN Gowda,"NA - Construction of roads, approach roads, link roads and pathways",Normal/Others,Karnataka,CHIKBALLAPUR,Deputy Commissioner Bangalore Rural_IDA,,,DEVANHALLI,Bediganahalli,2023-12-16,500000,Action Pending,Unsanctioned,Lok Sabha
Bache BN Gowda,NA - Lighting of public spaces,Normal/Others,Karnataka,CHIKBALLAPUR,Deputy Commissioner Bangalore Rural_IDA,,,DEVANHALLI,Ramanathapura,2023-12-16,500000,Action Pending,Unsanctioned,Lok Sabha
Bache BN Gowda,"NA - Construction of roads, approach roads, link roads and pathways",Normal/Others,Karnataka,CHIKBALLAPUR,Deputy Commissioner Bangalore Rural_IDA,,,DEVANHALLI,Bediganahalli,2023-12-16,500000,Action Pending,Unsanctioned,Lok Sabha
Bache BN Gowda,NA - Lighting of public spaces,Normal/Others,Karnataka,CHIKBALLAPUR,Deputy Commissioner Bangalore Rural_IDA,,,DEVANHALLI,Maligenahalli,2023-12-16,500000,Action Pending,Unsanctioned,Lok Sabha
Bache BN Gowda,"NA - Construction of roads, approach roads, link roads and pathways",Normal/Others,Karnataka,CHIKBALLAPUR,Deputy Commissioner Bangalore Rural_IDA,,,DEVANHALLI,Vishwanathapura,2023-12-16,500000,Action Pending,Unsanctioned,Lok Sabha
Bache BN Gowda,"NA - Construction of roads, approach roads, link roads and pathways",Normal/Others,Karnataka,CHIKBALLAPUR,Deputy Commissioner Bangalore Rural_IDA,,,HOSKOTE,Thimmappanahalli,2023-12-16,490000,Action Pending,Unsanctioned,Lok Sabha
Bache BN Gowda,NA - Lighting of public spaces,Normal/Others,Karnataka,CHIKBALLAPUR,Deputy Commissioner Bangalore Rural_IDA,,,HOSKOTE,Ittasandra,2023-12-16,495000,Action Pending,Unsanctioned,Lok Sabha
Bache BN Gowda,NA - Construction of community centers and community halls,Normal/Others,Karnataka,CHIKBALLAPUR,Deputy Commissioner Bangalore Rural_IDA,,,HOSKOTE,Sulibele,2023-12-16,750000,Action Pending,Unsanctioned,Lok Sabha
Bache BN Gowda,NA - Lighting of public spaces,Normal/Others,Karnataka,CHIKBALLAPUR,Deputy Commissioner Bangalore Rural_IDA,,,HOSKOTE,Ittasandra,2023-12-16,496000,Action Pending,Unsanctioned,Lok Sabha
Bache BN Gowda,"NA - Construction of roads, approach roads, link roads and pathways",Normal/Others,Karnataka,CHIKBALLAPUR,Deputy Commissioner Bangalore Rural_IDA,,,DEVANHALLI,ChikkaMurali,2023-12-16,500000,Action Pending,Unsanctioned,Lok Sabha
Bache BN Gowda,"NA - Construction of roads, approach roads, link roads and pathways",Normal/Others,Karnataka,CHIKBALLAPUR,Deputy Commissioner Bangalore Rural_IDA,,,DEVANHALLI,ChikkaMurali,2023-12-16,500000,Action Pending,Unsanctioned,Lok Sabha
Bache BN Gowda,"NA - Construction of roads, approach roads, link roads and pathways",Normal/Others,Karnataka,CHIKBALLAPUR,Deputy Commissioner Bangalore Rural_IDA,,,DEVANHALLI,Binnamangala,2023-12-16,500000,Action Pending,Unsanctioned,Lok Sabha
Bache BN Gowda,"NA - Construction of roads, approach roads, link roads and pathways",Normal/Others,Karnataka,CHIKBALLAPUR,Deputy Commissioner Bangalore Rural_IDA,,,DEVANHALLI,Ramanathapura,2023-12-16,500000,Action Pending,Unsanctioned,Lok Sabha
Bache BN Gowda,"NA - Construction of roads, approach roads, link roads and pathways",Normal/Others,Karnataka,CHIKBALLAPUR,Deputy Commissioner Bangalore Rural_IDA,,,DEVANHALLI,Devenahalli,2023-12-16,500000,Action Pending,Unsanctioned,Lok Sabha
Bache BN Gowda,"NA - Construction of roads, approach roads, link roads and pathways",Normal/Others,Karnataka,CHIKBALLAPUR,Deputy Commissioner Bangalore Rural_IDA,,,HOSKOTE,Anupahalli,2023-12-16,500000,Action Pending,Unsanctioned,Lok Sabha
Bache BN Gowda,"NA - Construction of roads, approach roads, link roads and pathways",Normal/Others,Karnataka,CHIKBALLAPUR,Deputy Commissioner Bangalore Rural_IDA,,,HOSKOTE,Hindiganala,2023-12-16,500000,Action Pending,Unsanctioned,Lok Sabha
Bache BN Gowda,NA - Construction of community centers and community halls,Normal/Others,Karnataka,CHIKBALLAPUR,Deputy Commissioner Bangalore Rural_IDA,,,HOSKOTE,Dalasagere,2023-12-16,500000,Action Pending,Unsanctioned,Lok Sabha
Bache BN Gowda,"NA - Construction of roads, approach roads, link roads and pathways",Normal/Others,Karnataka,CHIKBALLAPUR,Deputy Commissioner Bangalore Rural_IDA,,,DEVANHALLI,Papanahalli,2023-12-16,500000,Action Pending,Unsanctioned,Lok Sabha
Bache BN Gowda,NA - Providing drains and gutters for public drainage,Normal/Others,Karnataka,CHIKBALLAPUR,Deputy Commissioner Bangalore Rural_IDA,,,HOSKOTE,Doddadenahalli,2023-12-16,490000,Action Pending,Unsanctioned,Lok Sabha
Bache BN Gowda,NA - Providing drains and gutters for public drainage,Normal/Others,Karnataka,CHIKBALLAPUR,Deputy Commissioner Bangalore Rural_IDA,,,HOSKOTE,Devanagondi,2023-12-16,490000,Action Pending,Unsanctioned,Lok Sabha
